,City,Country,Latitude,Longitude,Temp (F),Humidity (%),Clouds (%),Wind Speed (mph)
0,tasiilaq,gl,65.6134561,-37.6335696,28.56,76.0,69.0,5.23
1,busselton,au,-33.6516465,115.3473335,46.04,81.0,1.0,8.12
2,albany,au,42.6525793,-73.7562317,48.85,74.0,1.0,1.99
3,cherskiy,ru,68.742677,161.3507839,-16.02,94.0,91.0,0.69
4,west wendover,us,40.739097,-114.073345,43.81,81.0,1.0,0.0
5,berlevag,no,70.7198284,29.0300862,39.0,75.0,0.0,20.71
6,buala,sb,-8.1662459,159.6189829,80.87,83.0,57.0,10.09
7,punta arenas,cl,-53.1638329,-70.9170683,48.31,57.0,75.0,26.46
8,hilo,us,19.7241106,-155.0868193,65.93,63.0,1.0,6.91
9,kahului,us,20.8893351,-156.4729469,70.23,86.0,1.0,5.75
10,qaanaaq,gl,77.4670434,-69.2284827,12.31,71.0,41.0,8.01
11,pevek,ru,69.7029321,170.307033,-0.17,93.0,100.0,2.33
12,pryozerne,ua,45.6086835,29.1664778,51.71,83.0,0.0,10.13
13,zhigansk,ru,66.75206399999999,123.3941119,-4.32,100.0,93.0,2.98
14,rikitea,pf,-23.1223034,-134.9691543,75.31,75.0,100.0,18.9
15,bluff,nz,38.9152879,-92.299972,52.65,91.0,100.0,8.3
16,georgetown,sh,38.9076089,-77.07225849999999,81.91,89.0,20.0,0.0
17,padilla,bo,44.9772377,-93.2509379,76.57,69.0,78.0,3.67
18,mataura,pf,-46.1939524,168.8654783,49.05,98.0,83.0,3.44
19,yellowknife,ca,62.4539717,-114.3717887,31.62,99.0,63.0,8.99
20,ribeira grande,pt,37.8210369,-25.5148137,72.0,88.0,40.0,14.97
21,severo-kurilsk,ru,50.6683424,156.115192,43.54,96.0,100.0,3.29
22,richards bay,za,-28.7807276,32.0382856,70.47,73.0,15.0,18.34
23,new norfolk,au,-42.781144,147.0622665,40.28,64.0,54.0,4.0
24,khatanga,ru,71.964027,102.4406129,-5.6,90.0,99.0,9.1
25,ushuaia,ar,-54.8019121,-68.3029511,44.26,61.0,75.0,27.63
26,rungata,ki,-1.3493599,176.445007,,,,
27,kavaratti,in,10.5593204,72.63581340000002,82.51,73.0,100.0,5.12
28,lebu,cl,-37.6080479,-73.6514907,58.5,71.0,83.0,17.31
29,kasongo,cd,-4.4238447,26.6700737,72.84,90.0,91.0,1.79
30,barrow,us,34.0142667,-83.6986568,-9.38,77.0,1.0,11.5
31,zyryanka,ru,65.767376,150.841238,-0.9,97.0,100.0,1.1
32,butaritari,ki,3.1166667,172.8,82.6,71.0,3.0,15.82
33,atuona,pf,-9.8028605,-139.0398069,77.81,71.0,96.0,14.63
34,belushya guba,ru,71.53903389999999,52.3381368,,,,
35,port alfred,za,-33.5864065,26.8851448,65.98,79.0,64.0,19.86
36,palmer,us,32.431252,-96.66776999999999,48.78,63.0,40.0,1.99
37,atka,ru,52.1961111,-174.2005556,,,,
38,mount gambier,au,-37.8398399,140.7553,41.61,76.0,6.0,4.59
39,nanortalik,gl,60.1424955,-45.2394951,35.73,79.0,100.0,2.37
40,thompson,ca,47.7735899,-97.109805,38.32,82.0,60.0,7.2
41,carnarvon,au,-24.8838363,113.6570584,66.27,68.0,0.0,19.57
42,upernavik,gl,72.7862882,-56.1375527,20.01,58.0,11.0,5.55
43,pisco,pe,38.9039822,-77.0426401,66.25,77.0,0.0,9.22
44,beringovskiy,ru,63.0611249,179.3485395,7.16,89.0,95.0,2.46
45,kaitangata,nz,-46.2858467,169.8460662,51.71,94.0,77.0,7.16
46,sorvag,fo,62.07129279999999,-7.3058656,,,,
47,nizhniy kuranakh,ru,58.816667,125.5333329,18.99,84.0,97.0,9.53
48,balod,in,20.7270655,81.2055798,71.8,78.0,42.0,4.94
49,avarua,ck,-21.2129007,-159.7823059,71.65,73.0,17.0,6.91
50,hobart,au,41.5322592,-87.2550353,42.3,70.0,75.0,3.0
51,domoni,km,-12.2632051,44.5290018,77.72,71.0,67.0,7.14
52,mimongo,ga,-1.6240082,11.6001358,75.96,90.0,99.0,1.68
53,comodoro rivadavia,ar,-45.8656149,-67.4822429,71.46,30.0,0.0,21.85
54,tupaciguara,br,-18.5943699,-48.7025321,87.94,33.0,61.0,4.14
55,hasaki,jp,40.72969990000001,-73.98881349999999,48.6,56.0,16.0,12.95
56,kiunga,pg,-6.1202907,141.2998457,72.36,99.0,100.0,1.07
57,alice,za,40.745487,-73.99168499999999,72.73,19.0,1.0,14.97
58,nizhneyansk,ru,71.450058,136.1122279,,,,
59,rodos,gr,40.348696,-79.817128,69.13,68.0,20.0,3.0
60,lumphat,kh,13.4833399,106.9801346,73.81,96.0,78.0,4.63
61,port macquarie,au,-31.433333,152.9,67.96,72.0,91.0,8.39
62,tuatapere,nz,-46.1315913,167.6896869,50.34,96.0,99.0,4.14
63,troitskoye,ru,50.7533064,127.9379712,40.5,60.0,66.0,10.07
64,cidreira,br,-30.1768565,-50.2089209,71.82,75.0,100.0,18.21
65,hithadhoo,mv,-0.6060574,73.0892245,83.84,72.0,52.0,12.44
66,vaini,to,-21.1935,-175.1751534,73.56,94.0,75.0,9.22
67,nikolskoye,ru,55.1981604,166.0015368,52.09,82.0,18.0,9.19
68,varzea da palma,br,-17.5989135,-44.7331539,91.56,25.0,17.0,6.15
69,grants,us,36.670484,-96.337673,39.43,60.0,1.0,0.0
70,leningradskiy,ru,45.0968573,-93.3976883,-11.58,94.0,21.0,5.41
71,zhirnovsk,ru,50.979243,44.7790426,41.9,70.0,10.0,4.36
72,ponta do sol,cv,32.6854883,-17.0864266,74.7,63.0,97.0,10.27
73,cape town,za,-33.9248685,18.4240553,67.69,68.0,75.0,3.0
74,pacific grove,us,36.6177374,-121.9166215,58.64,91.0,40.0,1.99
75,saint-joseph,re,39.7674578,-94.84668099999999,71.02,79.0,83.0,9.4
76,tura,ru,41.1989667,-76.8178436,67.23,88.0,2.0,4.29
77,kodiak,us,57.79000000000001,-152.4072221,27.91,86.0,90.0,5.75
78,coihaique,cl,-45.5712254,-72.068265,58.95,55.0,90.0,8.05
79,okahandja,na,-21.9718816,16.9063491,86.83,23.0,72.0,26.6
80,kutahya,tr,39.4199547,29.985732,48.15,60.0,2.0,7.9
81,cabo san lucas,mx,22.8905327,-109.9167371,79.86,57.0,1.0,4.61
82,illoqqortoormiut,gl,70.48556909999999,-21.9628757,,,,
83,lucapa,ao,-8.4432485,20.7301263,72.66,84.0,96.0,3.94
84,taolanaro,mg,-25.0225309,46.9853688,,,,
85,casablanca,ma,42.357946,-73.28258679999999,74.34,60.0,99.0,11.01
86,ulaangom,mn,49.9903359,92.0557583,33.8,71.0,37.0,2.77
87,saint-philippe,re,-21.3595223,55.7665126,71.96,81.0,88.0,6.87
88,mumbwa,zm,-14.9848228,27.0617553,84.85,22.0,9.0,6.06
89,vilyuysk,ru,63.74644029999999,121.6276667,8.92,93.0,96.0,6.31
90,batagay,ru,67.66251299999999,134.65435,7.36,95.0,100.0,1.83
91,sinnamary,gf,5.3746712,-52.9545991,82.09,78.0,29.0,5.57
92,candelaria,mx,-27.4617416,-55.7448645,78.39,91.0,38.0,6.44
93,atambua,id,-9.101628999999999,124.9120662,77.31,82.0,93.0,2.04
94,kapaa,us,22.0881391,-159.3379818,68.86,99.0,1.0,6.91
95,ust-nera,ru,64.5596103,143.2244252,2.03,98.0,100.0,5.59
96,kruisfontein,za,-33.9843356,24.732102,62.89,67.0,43.0,15.97
97,pangnirtung,ca,66.1465578,-65.7012182,32.0,100.0,90.0,0.0
98,santa luzia,br,16.7644992,-24.7439749,79.7,44.0,100.0,6.82
99,zaidpur,in,26.833931,81.331402,69.87,50.0,0.0,5.5
100,saldanha,za,-33.0276981,17.9176312,64.38,79.0,0.0,8.01
101,san pedro,bo,33.7360619,-118.2922461,79.48,77.0,23.0,11.32
102,norman wells,ca,65.28149379999999,-126.8286524,22.82,95.0,100.0,5.61
103,bredasdorp,za,-34.5385222,20.0568771,62.28,72.0,80.0,18.1
104,broome,au,42.1791865,-75.8533954,49.95,65.0,1.0,3.0
105,maraba,br,-5.3671244,-49.1230973,91.58,62.0,75.0,4.61
106,lagoa,pt,37.1356176,-8.4514359,68.63,91.0,94.0,14.25
107,savalou,bj,7.930136500000001,1.9710284,90.52,52.0,93.0,5.03
108,methoni,gr,36.8199022,21.7063018,62.46,60.0,100.0,5.86
109,tabiauea,ki,0.9182079999999999,173.027965,,,,
110,jarocin,pl,51.9724492,17.5019414,53.29,46.0,90.0,8.21
111,monroe,us,34.9854275,-80.5495112,52.39,76.0,75.0,16.11
112,umzimvubu,za,-30.7781755,28.9528645,,,,
113,abbeville,us,34.1781719,-82.3790147,57.83,83.0,100.0,13.4
114,gao,ml,38.8097653,-104.7385201,100.08,12.0,43.0,6.8
115,salalah,om,17.0193843,54.11075049999999,81.39,70.0,56.0,14.18
116,constitucion,mx,29.918556,-106.8032939,66.83,56.0,65.0,15.39
117,lima,pe,-12.0463731,-77.042754,62.85,72.0,90.0,11.5
118,mar del plata,ar,-38.0054771,-57.5426106,71.62,73.0,0.0,13.8
119,jamestown,sh,37.2116383,-76.7752102,49.98,95.0,90.0,5.01
120,padre bernardo,br,-15.1688912,-48.2806604,95.67,22.0,29.0,3.62
121,tual,id,-5.626563,132.7520867,84.04,69.0,100.0,2.64
122,sao joao da barra,br,-21.633614,-41.049001,75.29,85.0,100.0,7.49
123,tiksi,ru,71.63748199999999,128.8644716,9.3,93.0,100.0,7.25
124,port elizabeth,za,-33.9608369,25.6022423,65.1,75.0,13.0,18.95
125,faanui,pf,-16.4867378,-151.7429125,78.4,75.0,97.0,15.99
126,esperance,au,-33.8613953,121.8912724,51.37,74.0,33.0,5.93
127,saint anthony,ca,43.96630080000001,-111.6821847,50.14,75.0,1.0,3.0
128,gulshat,kz,28.6024274,-81.2000599,,,,
129,massakory,td,12.9953534,15.7321831,97.21,11.0,50.0,5.75
130,allende,mx,28.3498233,-100.850791,72.59,22.0,0.0,3.24
131,sentyabrskiy,ru,60.49545690000001,72.2080598,,,,
132,port-gentil,ga,-0.7351025999999999,8.7591311,80.47,79.0,38.0,9.13
133,torbay,ca,50.4619209,-3.525315,40.87,92.0,100.0,17.0
134,simi,gr,34.2694474,-118.781482,84.2,76.0,97.0,3.02
135,bobcaygeon,ca,44.5404573,-78.5463692,52.34,78.0,95.0,12.5
136,virginia beach,us,36.8529263,-75.97798499999999,69.94,95.0,100.0,3.0
137,talnakh,ru,69.5,88.39999999999999,12.99,95.0,100.0,8.34
138,horta,pt,38.5348447,-28.6299812,71.24,88.0,40.0,14.97
139,hermanus,za,-34.4092004,19.2504436,62.8,81.0,91.0,13.31
140,bathsheba,bb,33.880935,-84.469805,86.61,58.0,20.0,17.27
141,winneba,gh,5.3622295,-0.6298922,82.6,75.0,72.0,11.45
142,aklavik,ca,68.219916,-135.0077881,23.72,95.0,100.0,2.53
143,katha,mm,45.052136,-93.34068099999999,,,,
144,tommot,ru,58.96370409999999,126.2725057,20.05,82.0,99.0,10.2
145,katsuura,jp,35.1522272,140.3208833,59.13,65.0,1.0,10.85
146,puerto ayora,ec,-0.7432918,-90.3156893,78.76,86.0,99.0,10.11
147,isangel,vu,-19.54172,169.2803499,74.57,88.0,75.0,8.34
148,mehamn,no,71.0357069,27.848941,39.15,75.0,75.0,20.71
149,uthai thani,th,15.3835001,100.0245527,74.19,94.0,100.0,2.57
150,bethel,us,38.0736885,-97.3433008,49.91,76.0,75.0,1.99
151,talcahuano,cl,-36.7247834,-73.1169808,62.28,63.0,0.0,14.97
152,tessalit,ml,20.2573532,0.9910297999999998,95.77,13.0,99.0,9.26
153,devils lake,us,43.4183975,-89.7309534,46.17,59.0,1.0,11.01
154,niksic,me,42.7804735,18.9561661,52.3,55.0,0.0,0.87
155,cortez,us,37.3488827,-108.5859265,46.94,57.0,1.0,3.44
156,mullaitivu,lk,9.2670911,80.81424799999999,,,,
157,milkovo,ru,54.687013,158.6173329,27.54,94.0,45.0,2.48
158,necochea,ar,-38.5544968,-58.73960879999999,88.03,34.0,98.0,16.11
159,biltine,td,14.5257818,20.9238397,91.27,9.0,4.0,7.56
160,los llanos de aridane,es,28.6183515,-17.8998566,68.13,80.0,40.0,4.0
161,taksimo,ru,56.3667702,114.8344788,16.97,65.0,0.0,2.26
162,barentsburg,sj,78.0648475,14.2334597,,,,
163,tuktoyaktuk,ca,69.445358,-133.034181,21.45,92.0,100.0,4.79
164,sitka,us,45.6927719,-111.0327072,39.09,81.0,90.0,8.05
165,arraial do cabo,br,-22.9667613,-42.0277716,71.46,94.0,75.0,11.5
166,codrington,ag,17.6425736,-61.8204456,42.67,76.0,36.0,7.96
167,catamarca,ar,-28.469581,-65.7795441,94.77,36.0,73.0,5.99
168,mys shmidta,ru,68.8931114,-179.4125967,,,,
169,kopayhorod,ua,48.854094,27.7996667,56.61,73.0,10.0,7.43
170,birjand,ir,32.8649039,59.2262472,57.83,29.0,70.0,3.42
171,zile,tr,40.301847,35.886722,49.32,69.0,82.0,6.15
172,wukari,ng,7.930312499999999,9.8124935,92.01,44.0,97.0,2.57
173,port lincoln,au,-34.7226381,135.8597449,51.6,67.0,6.0,8.63
174,tomatlan,mx,19.9344504,-105.2516629,84.56,70.0,4.0,2.26
175,nome,us,64.5011111,-165.4063889,26.67,60.0,75.0,12.66
176,kununurra,au,-15.7783483,128.7439001,82.38,78.0,31.0,1.14
177,loa janan,id,-0.7048801,117.0323305,74.07,98.0,97.0,0.4
178,vestmannaeyjar,is,63.437679,-20.267321,46.74,83.0,98.0,22.08
179,clarksville,us,36.5297706,-87.3594528,53.69,96.0,90.0,4.61
180,guerrero negro,mx,27.9591758,-114.056646,72.12,56.0,0.0,2.1
181,walvis bay,na,-22.9584081,14.5057511,64.09,54.0,1.0,22.28
182,nokaneng,bw,-19.6633028,22.1936928,89.58,28.0,49.0,3.94
183,fort saint john,ca,56.252423,-120.846409,,,,
184,deputatskiy,ru,69.30260299999999,139.9583829,7.0,90.0,100.0,7.45
185,rio grande,br,29.521204,-101.259159,76.95,66.0,9.0,17.83
186,praia da vitoria,pt,38.7339162,-27.0646976,72.75,89.0,100.0,8.86
187,cagayan de tawi-tawi,ph,6.997029299999999,118.4747173,,,,
188,provideniya,ru,64.4031643,-173.2064559,9.05,80.0,39.0,3.98
189,bongor,td,10.2748807,15.3775245,94.89,28.0,27.0,0.51
190,bambous virieux,mu,-20.3438619,57.7636821,73.22,74.0,82.0,11.03
191,lompoc,us,34.6391501,-120.4579409,66.02,67.0,1.0,4.61
192,ahipara,nz,-35.1713175,173.1533354,57.85,94.0,57.0,5.1
193,castro,cl,37.7609082,-122.4350043,71.26,67.0,97.0,4.34
194,yamasaki,jp,41.3134215,-72.9321788,53.35,81.0,2.0,4.72
195,griffith,au,41.5283693,-87.42364970000001,53.64,96.0,90.0,4.0
196,paamiut,gl,61.99411509999999,-49.6665709,33.51,93.0,100.0,5.46
197,sidi ali,dz,36.1008532,0.4220044,68.85,56.0,97.0,6.26
198,sept-iles,ca,50.21329679999999,-66.37579199999999,48.54,39.0,0.0,0.94
199,guelengdeng,td,10.9189109,15.5503683,,,,
200,perelyub,ru,51.8614971,50.3456762,41.56,78.0,100.0,8.34
201,saint george,bm,37.0965278,-113.5684164,57.2,61.0,1.0,0.0
202,saskylakh,ru,71.954308,114.1198349,-17.14,99.0,74.0,5.93
203,chuy,uy,36.045809,-96.005479,75.67,55.0,1.0,15.01
204,geraldton,au,-28.7761346,114.611295,55.81,76.0,0.0,13.8
205,khonuu,ru,66.455612,143.2225799,,,,
206,robertsport,lr,6.7509063,-11.367219,81.25,75.0,99.0,7.9
207,sunland park,us,31.796496,-106.5799891,60.89,26.0,1.0,3.0
208,aflu,dz,34.1139518,2.0973854,,,,
209,dongsheng,cn,39.822507,109.963338,40.46,37.0,7.0,7.65
210,santa marta,co,11.2403547,-74.2110227,83.68,74.0,100.0,13.0
211,ilulissat,gl,69.2198118,-51.0986031,19.42,79.0,40.0,4.61
212,juruti,br,-2.1633411,-56.0952985,94.51,40.0,39.0,4.16
213,hofn,is,64.24970259999999,-15.2020077,46.42,93.0,75.0,10.36
214,ucluelet,ca,48.9415997,-125.5463446,42.08,93.0,47.0,8.95
215,skjervoy,no,70.0339919,20.9737452,39.2,63.0,100.0,30.33
216,bintulu,my,3.171322,113.0419069,77.27,89.0,100.0,2.15
217,mantenopolis,br,-18.8617047,-41.121213,78.66,61.0,93.0,6.46
218,agadez,ne,16.9741689,7.986535,90.79,10.0,41.0,7.36
219,vao,nc,-15.8969511,167.3080313,70.38,73.0,3.0,11.86
220,aksarka,ru,66.5583101,67.7877623,16.56,79.0,100.0,14.56
221,boyolangu,id,-8.1195357,111.8942801,76.73,92.0,100.0,3.94
222,brae,gb,60.39685199999999,-1.3541129,51.71,97.0,100.0,11.68
223,barawe,so,1.1161954,44.0318162,,,,
224,wenling,cn,28.372506,121.385604,61.95,78.0,88.0,5.14
225,fortuna,us,40.5981867,-124.1572756,57.11,76.0,90.0,5.01
226,lubango,ao,-14.9186136,13.5321234,76.55,34.0,100.0,1.23
227,victoria,sc,36.9948743,-78.22722,77.97,78.0,79.0,5.99
228,olafsvik,is,64.89604849999999,-23.7060262,40.01,91.0,100.0,37.96
229,okha,ru,53.5893264,142.9521874,32.47,87.0,10.0,6.78
230,sao filipe,cv,14.8951679,-24.4945636,79.88,72.0,100.0,8.23
231,maloy,no,45.5198124,-122.6824361,55.53,77.0,100.0,8.01
232,nuuk,gl,64.18140989999999,-51.6941381,34.41,93.0,75.0,12.66
233,laguna,br,33.5427189,-117.7853568,57.2,96.0,1.0,1.01
234,eyl,so,40.7625718,-73.5427564,79.09,69.0,7.0,16.08
235,amderma,ru,69.751221,61.6636961,,,,
236,uray,ru,60.12543359999999,64.8066207,22.64,67.0,6.0,14.54
237,clyde river,ca,70.47636500000002,-68.60126509999999,28.11,91.0,97.0,10.89
238,erenhot,cn,43.653169,111.977943,42.6,41.0,24.0,9.91
239,viligili,mv,0.7573413,73.43422699999999,,,,
240,san juan,us,18.4655394,-66.1057355,91.49,23.0,93.0,8.99
241,portlethen,gb,57.061681,-2.129468,50.07,93.0,90.0,1.99
242,churapcha,ru,62.0036053,132.4308097,16.83,96.0,100.0,6.58
243,san cristobal,ec,16.7369928,-92.63759879999999,75.38,72.0,87.0,4.61
244,acapulco,mx,16.8531086,-99.8236533,85.82,70.0,1.0,4.61
245,aljezur,pt,37.31657,-8.7992645,68.74,81.0,100.0,13.06
246,murgab,tm,38.1869138,73.9976946,52.54,40.0,0.0,10.71
247,meulaboh,id,4.1436951,96.12811459999999,78.42,86.0,95.0,2.08
248,tromso,no,69.6497717,18.9841221,38.79,75.0,75.0,1.01
249,babushkin,ru,-69.1,157.6000001,31.77,57.0,0.0,5.64
250,bud,no,38.0467117,-84.4609467,56.7,90.0,54.0,5.7
251,dikson,ru,73.507735,80.53103010000001,7.79,85.0,100.0,14.45
252,whitecourt,ca,54.1273952,-115.6654225,33.6,70.0,20.0,3.18
253,ostrovnoy,ru,68.0603191,39.4740385,35.47,98.0,100.0,8.68
254,longyearbyen,sj,78.22317220000001,15.6267229,26.44,68.0,40.0,14.97
255,ust-kut,ru,56.7910394,105.7768683,26.8,53.0,95.0,4.05
256,caravelas,br,-17.7337668,-39.2652781,81.73,58.0,59.0,9.33
257,awjilah,ly,29.09058499999999,21.3321974,78.73,40.0,100.0,9.06
258,amahai,id,-3.3393615,128.9229993,78.12,88.0,100.0,2.95
259,naze,jp,51.8666667,1.2833333,69.31,68.0,52.0,12.01
260,roma,au,19.4095846,-99.1575732,50.92,66.0,1.0,10.36
261,yulara,au,-25.237979,130.9856199,75.04,17.0,75.0,11.5
262,alofi,nu,-19.0553711,-169.9178709,76.69,62.0,99.0,20.54
263,guangyuan,cn,32.435435,105.843357,60.49,99.0,95.0,3.67
264,arlit,ne,18.7390029,7.3894772,98.24,7.0,37.0,1.81
265,tupik,ru,41.5174847,-87.9808481,21.52,77.0,48.0,2.48
266,taos,us,36.4072134,-105.5733788,40.01,45.0,1.0,0.0
267,lata,sb,39.9565109,-82.8497895,59.86,91.0,100.0,5.75
268,dunedin,nz,28.0197404,-82.7717684,56.8,91.0,17.0,8.01
269,lorengau,pg,-2.0298424,147.2743657,81.03,81.0,9.0,3.0
270,college,us,37.83805479999999,-94.3701012,17.49,90.0,90.0,4.61
271,santa isabel,us,17.9660775,-66.404892,73.98,74.0,99.0,4.34
272,east london,za,51.55633,0.0655092,66.63,84.0,86.0,17.9
273,zonguldak,tr,41.45352099999999,31.78938,46.51,91.0,0.0,0.81
274,berezna,ua,51.56467439999999,31.7847761,48.69,85.0,2.0,6.78
275,samalaeulu,ws,-13.4973599,-172.3105939,,,,
276,kachikau,bw,-18.153243,24.5034739,,,,
277,gimli,ca,38.9777498,-77.1071206,44.08,58.0,13.0,9.91
278,rundu,na,-17.9253295,19.7532148,84.69,37.0,61.0,7.58
279,la rinconada,es,-14.6311542,-69.4464247,66.43,85.0,75.0,20.71
280,gigmoto,ph,13.7912671,124.3532417,79.68,82.0,18.0,10.71
281,samarai,pg,-10.6120235,150.6640758,82.4,82.0,70.0,9.48
282,dong hoi,vn,17.4659391,106.5983958,75.52,91.0,89.0,3.83
283,den helder,nl,52.95628079999999,4.7607971,57.31,83.0,75.0,23.0
284,alta floresta,br,-9.8682193,-56.0834811,94.19,39.0,89.0,3.27
285,teguldet,ru,57.304527,88.17174899999999,36.32,58.0,100.0,11.9
286,narsaq,gl,60.9129622,-46.0504831,34.02,70.0,100.0,1.25
287,maua,ke,-23.666558,-46.4599145,68.09,91.0,98.0,6.62
288,fare,pf,41.8868872,-87.650454,78.21,75.0,92.0,17.45
289,abhar,ir,36.1524763,49.23853390000001,52.86,68.0,95.0,1.14
290,iqaluit,ca,63.74669300000001,-68.5169669,36.7,86.0,100.0,10.0
291,warrnambool,au,-38.3686779,142.4982086,46.27,69.0,65.0,10.69
292,bubaque,gw,11.283333,-15.833333,82.81,67.0,94.0,5.01
293,adrar,dz,28.0174403,-0.2642497,88.75,22.0,35.0,9.33
294,belyy yar,ru,58.4468168,85.03452999999999,37.29,81.0,0.0,4.47
295,northam,au,43.7720274,-79.3374417,54.18,77.0,97.0,15.35
296,mozarlandia,br,-14.7471159,-50.5718669,99.64,24.0,26.0,5.26
297,rolim de moura,br,-11.7256983,-61.77814089999999,,,,
298,tumannyy,ru,68.878911,35.6675264,,,,
299,klaksvik,fo,62.2271922,-6.5779064,49.12,90.0,57.0,12.95
300,anadyr,ru,64.7336613,177.4968265,-11.0,76.0,48.0,5.99
301,caceres,br,39.4752765,-6.3724247,60.8,85.0,100.0,7.76
302,lolua,tv,-1.3805556,35.6358333,,,,
303,pavlodar,kz,52.2873032,76.9674023,35.4,60.0,0.0,6.71
304,tsihombe,mg,-25.3168473,45.48630929999999,,,,
305,chumikan,ru,54.7165204,135.3084384,34.77,99.0,99.0,10.58
306,sorland,no,67.6635735,12.6926738,44.46,80.0,96.0,2.62
307,kamenskoye,ru,62.46661,166.211243,,,,
308,pemangkat,id,1.1552999,108.985882,78.35,85.0,89.0,7.14
309,peniche,pt,39.3603291,-9.387622,64.04,89.0,100.0,21.3
310,khandbari,np,27.392669,87.2120599,60.53,81.0,12.0,2.77
311,coahuayana,mx,18.7372222,-103.6688888,85.48,69.0,16.0,1.1
312,grand centre,ca,35.5259012,-97.5760435,,,,
313,vila velha,br,-20.3518079,-40.3079697,80.55,65.0,20.0,12.66
314,padang,id,-0.9470831999999999,100.417181,79.23,84.0,100.0,4.09
315,samusu,ws,-14.0056774,-171.4299586,,,,
316,olot,es,42.18220780000001,2.4880242,62.94,64.0,100.0,1.99
317,horsham,au,40.1784422,-75.1285061,55.69,77.0,20.0,12.66
318,chhuikhadan,in,21.5250525,80.9955605,71.55,69.0,79.0,4.16
319,hakkari,tr,37.577427,43.736782,44.33,91.0,100.0,4.09
320,onokhoy,ru,51.9227433,108.0503071,15.55,51.0,0.0,1.32
321,guarapari,br,-20.6738927,-40.4999838,80.49,74.0,98.0,6.6
322,chapais,ca,49.78221,-74.85248,47.25,44.0,0.0,6.17
323,phrai bung,th,14.7531969,104.367553,,,,
324,inuvik,ca,68.3607437,-133.7230178,23.76,100.0,90.0,3.44
325,harper,lr,37.2866863,-98.02589449999999,78.69,84.0,86.0,9.19
326,port moresby,pg,-9.443800399999999,147.1802671,76.86,90.0,100.0,3.38
327,phan thiet,vn,10.9804603,108.2614775,77.81,89.0,100.0,8.3
328,vaitupu,wf,-7.476732699999999,178.6747675,,,,
329,westport,nz,41.1414717,-73.3579049,52.29,72.0,90.0,1.01
330,acari,pe,41.283753,-72.36843329999999,78.37,52.0,68.0,10.16
331,vila franca do campo,pt,37.7157269,-25.4345063,73.2,93.0,98.0,19.33
332,san jose,gt,37.3382082,-121.8863286,60.12,79.0,40.0,0.0
333,hibbing,us,47.42715459999999,-92.9376887,42.69,81.0,90.0,8.05
334,betare oya,cm,5.5920207,14.0856133,74.68,85.0,97.0,1.72
335,teodoro sampaio,br,-22.531445,-52.1733777,85.95,54.0,5.0,6.53
336,heiligenhafen,de,54.36967989999999,10.97561,55.58,74.0,40.0,18.97
337,yar-sale,ru,66.86258699999999,70.854469,17.13,93.0,100.0,24.18
338,port keats,au,-14.250637,129.549659,83.07,74.0,45.0,3.47
339,sur,om,34.0812288,-118.3853088,79.56,51.0,0.0,2.59
340,ugoofaaru,mv,5.6675876,73.03019680000001,81.97,71.0,22.0,9.13
341,karaton,kz,51.0457811,3.7396666,78.33,91.0,86.0,1.5
342,marcona,pe,-15.3439659,-75.0844757,,,,
343,zorgo,bf,12.2483626,-0.6251540999999999,96.93,25.0,81.0,8.48
344,pangai,to,-19.811431,-174.3502613,76.05,79.0,100.0,15.59
345,norrtalje,se,59.7595841,18.7013584,47.64,91.0,50.0,7.74
346,grand gaube,mu,-20.014212,57.6694082,73.38,83.0,73.0,1.99
347,tabulbah,tn,35.6439601,10.9467939,,,,
348,mocuba,mz,-16.8402212,36.9648534,75.87,47.0,14.0,11.68
349,denpasar,id,-8.670458199999999,115.2126293,79.72,88.0,75.0,6.91
350,kungurtug,ru,50.595182,97.519958,27.77,85.0,63.0,2.08
351,ojinaga,mx,29.5458844,-104.4082908,68.88,24.0,1.0,9.22
352,qasigiannguit,gl,68.8219742,-51.1817888,19.65,95.0,95.0,4.88
353,fort nelson,ca,58.8050174,-122.697236,29.35,55.0,35.0,4.38
354,ancud,cl,-41.8675003,-73.8276965,58.53,73.0,84.0,9.93
355,tumalaytay,ph,12.2834186,123.2173628,77.2,90.0,30.0,10.2
356,bereda,so,38.5859164,-89.92811549999999,56.82,83.0,100.0,6.42
357,kalabo,zm,-14.9931607,22.6779684,83.64,37.0,88.0,8.61
358,bantry,ie,51.6800803,-9.452576299999999,51.75,95.0,96.0,8.01
359,almeirim,br,39.2075584,-8.625918799999999,93.58,46.0,22.0,3.6
360,meadow lake,ca,44.02199390000001,-92.5302774,52.56,42.0,0.0,1.52
361,cockburn town,bs,21.4674584,-71.13891009999999,82.87,72.0,38.0,11.32
362,kankon,in,22.6325254,88.4494579,80.82,76.0,66.0,5.48
363,chokurdakh,ru,70.622169,147.916168,-13.27,97.0,100.0,3.36
364,flinders,au,41.0545806,-73.5408248,60.15,74.0,0.0,6.78
365,tiznit,ma,29.693392,-9.732156999999999,71.51,49.0,10.0,8.61
366,atbasar,kz,51.8204945,68.3636926,38.57,69.0,100.0,15.35
367,mangrol,in,21.1171698,70.11581129999999,80.64,55.0,100.0,1.5
368,hongjiang,cn,27.208609,109.836669,56.88,97.0,78.0,1.66
369,tazovskiy,ru,67.46130409999999,78.7086641,27.45,97.0,100.0,12.03
370,launceston,au,-41.439068,147.1357671,37.98,78.0,40.0,1.99
371,charters towers,au,-20.0769637,146.2601362,70.54,82.0,13.0,5.48
372,outjo,na,-20.1127536,16.1610343,86.27,26.0,80.0,13.27
373,mahibadhoo,mv,3.756783299999999,72.9689398,83.1,74.0,100.0,10.51
374,balabac,ph,8.1539618,117.1264753,82.44,80.0,56.0,10.98
375,jizan,sa,16.8893586,42.57056740000001,89.1,46.0,69.0,9.06
376,san quintin,mx,30.56087669999999,-115.9379302,72.25,44.0,0.0,3.56
377,balkanabat,tm,39.5238734,54.3360001,57.42,41.0,80.0,3.89
378,barguzin,ru,53.6179245,109.6396262,22.23,60.0,0.0,3.56
379,airai,pw,7.396611799999999,134.5690225,62.62,92.0,96.0,1.16
380,wasilla,us,61.58087629999999,-149.4410598,27.03,87.0,75.0,0.0
381,tanout,ne,14.972892,8.8831506,94.21,8.0,100.0,14.23
382,jalu,ly,29.040621,21.4991334,79.43,37.0,100.0,9.57
383,lewiston,us,44.100351,-70.21477639999999,50.67,67.0,1.0,8.05
384,mackenzie,ca,47.4993326,-111.3070106,28.06,87.0,10.0,1.5
385,landeck,at,47.14057,10.56558,49.24,53.0,100.0,7.7
386,crixas,br,-14.5338682,-49.9623622,99.5,23.0,64.0,1.86
387,marathon,us,39.1144402,-94.6299538,51.04,83.0,90.0,1.99
388,umm kaddadah,sd,13.60375,26.68413,90.27,11.0,4.0,8.1
389,charlestown,us,42.3782065,-71.0602131,63.45,66.0,0.0,1.01
390,gazanjyk,tm,39.2470722,55.51918569999999,56.79,45.0,76.0,8.55
391,roald,no,49.00370909999999,-123.065897,52.39,87.0,75.0,6.91
392,saleaula,ws,-13.4482906,-172.3367114,,,,
393,inderborskiy,kz,48.548962,51.7402919,,,,
394,hamilton,bm,37.19295779999999,-95.7175467,57.16,97.0,90.0,1.01
395,marsa matruh,eg,31.3543445,27.2373159,72.57,75.0,89.0,7.9
396,encheng,cn,37.15268,116.27655,73.02,90.0,88.0,0.6
397,cartagena,co,10.3932277,-75.4832311,78.42,83.0,75.0,11.5
398,mexico,us,23.634501,-102.552784,80.15,81.0,4.0,5.28
399,kirovskiy,ru,45.0956164,133.4980776,39.11,69.0,0.0,3.71
400,lasa,cn,30.2572057,-97.6819854,47.66,69.0,99.0,4.61
401,tobol,kz,57.32153700000001,67.1554838,38.26,92.0,100.0,7.02
402,mersing,my,2.430917,103.8361151,80.06,85.0,79.0,3.44
403,jahrom,ir,28.5177435,53.5743866,,,,
404,pahrump,us,36.2082943,-115.9839147,66.42,31.0,0.0,2.26
405,bur gabo,so,-1.2182517,41.83786569999999,,,,
406,chama,zm,41.83280449999999,-88.0260843,51.71,77.0,85.0,2.3
407,takoradi,gh,4.9015794,-1.7830973,82.44,74.0,82.0,10.49
408,pedro ii,br,-4.428982,-41.457211,95.85,22.0,89.0,4.97
409,okhotsk,ru,59.35845999999999,143.2034909,22.62,58.0,64.0,18.39
410,pinyug,ru,60.2494835,47.7789249,26.46,94.0,100.0,12.41
411,artyk,ru,64.17916699999999,145.129167,,,,
412,tolaga bay,nz,-38.3716801,178.296891,53.17,87.0,17.0,6.71
413,te anau,nz,-45.41442929999999,167.7180426,47.73,93.0,84.0,1.72
414,phan rang,vn,11.5825677,108.9912066,,,,
415,bjornevatn,no,69.6674613,29.9871566,34.14,86.0,75.0,8.05
416,mahebourg,mu,-20.4059505,57.7034222,73.26,75.0,75.0,10.49
417,manbij,sy,36.5352848,37.9678652,61.57,44.0,38.0,6.89
418,tynda,ru,55.1438334,124.7413766,19.4,49.0,0.0,4.43
419,hami,cn,42.81842,93.51514999999999,53.04,32.0,0.0,5.12
420,storforshei,no,66.4016108,14.5354519,42.19,100.0,75.0,1.14
421,krasnogorskoye,ru,57.7046513,52.4917523,37.69,80.0,82.0,4.56
422,atasu,kz,48.6789286,71.6308323,37.06,35.0,96.0,9.71
423,plouzane,fr,48.381438,-4.620404,58.14,69.0,75.0,19.57
424,atar,mr,35.119629,-106.637302,88.7,25.0,91.0,5.37
425,evensk,ru,61.9217585,159.2358052,9.75,91.0,86.0,6.82
426,vostok,ru,41.5793342,-72.3452649,31.59,73.0,0.0,3.13
427,ukiah,us,39.1501709,-123.2077831,56.84,95.0,90.0,0.0
428,rybachiy,ru,69.7,32.6,49.86,63.0,68.0,7.65
429,rawson,ar,-43.2998581,-65.09948729999999,74.08,26.0,98.0,8.9
430,mandalgovi,mn,45.7631589,106.2650297,28.15,78.0,74.0,10.56
431,mirpur sakro,pk,24.5433858,67.6274785,77.22,42.0,1.0,6.91
432,saint-ambroise,ca,48.5534387,-71.3212872,46.81,43.0,0.0,4.83
433,emba,kz,45.5036388,-73.6214452,39.6,86.0,100.0,9.93
434,ambilobe,mg,-13.2026069,49.0514094,77.13,77.0,34.0,3.42
435,la ronge,ca,55.10823,-105.285989,37.65,56.0,40.0,4.61
436,saint-georges,gf,47.7667931,-117.469733,83.12,68.0,11.0,11.86
437,yunjinghong,cn,21.9928436,100.7934711,,,,
438,carmo do cajuru,br,-20.1847973,-44.7714395,81.82,42.0,100.0,5.77
439,tilichiki,ru,60.43333299999999,166.0486109,28.11,85.0,98.0,14.03
440,ayagoz,kz,47.9755808,80.43273599999999,39.99,61.0,10.0,7.09
441,labuhan,id,-6.372081,105.832298,81.48,79.0,100.0,4.63
442,yenagoa,ng,4.921162100000001,6.274773400000001,84.47,72.0,99.0,6.46
443,portland,au,45.515232,-122.6783853,49.95,95.0,90.0,4.61
444,lukovetskiy,ru,64.2932526,41.9230918,31.98,99.0,100.0,7.67
445,margate,za,26.2445263,-80.206436,56.21,69.0,99.0,1.99
446,mustafakemalpasa,tr,40.0394409,28.405177,59.05,73.0,0.0,5.95
447,kazalinsk,kz,45.7640559,62.0999125,,,,
448,konza,ke,39.0422714,-96.8230545,70.21,51.0,83.0,10.18
449,ribas do rio pardo,br,-20.4520956,-53.7601034,89.44,48.0,12.0,5.26
450,port orange,us,29.1383165,-80.9956105,76.84,48.0,20.0,14.97
451,alamos,mx,27.0254869,-108.941309,74.71,42.0,0.0,1.95
452,paradwip,in,20.3165523,86.6113628,,,,
453,itarema,br,-2.9242369,-39.9129274,89.53,51.0,92.0,15.57
454,pathein,mm,16.7753609,94.7381013,76.62,92.0,100.0,3.02
455,merauke,id,-8.4991117,140.4049814,78.93,86.0,78.0,8.66
456,erice,it,38.0380892,12.5873511,54.88,82.0,40.0,6.91
457,tulum,mx,20.2114185,-87.46535019999999,82.06,47.0,75.0,7.92
458,setaka,jp,33.1472583,130.4643635,55.53,31.0,1.0,3.29
459,waghai,in,20.7737289,73.4975656,71.22,46.0,43.0,5.68
460,porto walter,br,-8.2672986,-72.7417348,90.48,48.0,81.0,3.71
461,seoul,kr,37.566535,126.9779692,47.91,50.0,100.0,2.53
462,ampanihy,mg,-24.6930487,44.7451765,64.53,61.0,2.0,16.15
463,port hedland,au,-20.3123929,118.6093685,75.25,69.0,99.0,9.22
464,abha,sa,18.2464685,42.5117238,66.45,17.0,0.0,12.66
465,medyn,ru,54.9677787,35.8569771,49.93,91.0,96.0,7.92
466,karkaralinsk,kz,49.4129509,75.4772753,,,,
467,topeka,us,39.0473451,-95.67515759999999,49.77,80.0,90.0,3.0
468,abay,kz,50.39552699999999,85.113441,34.18,35.0,100.0,13.09
469,kavieng,pg,-2.5781167,150.8086082,82.45,76.0,12.0,8.43
470,burica,pa,44.8983119,-116.0982145,,,,
471,fairbanks,us,64.8377778,-147.7163888,17.38,90.0,90.0,4.61
472,port hardy,ca,50.7207083,-127.4968728,39.38,93.0,20.0,9.22
473,oistins,bb,13.0705904,-59.54695439999999,86.09,58.0,20.0,17.27
474,abashiri,jp,44.0206059,144.2734837,44.02,75.0,35.0,17.43
475,attawapiskat,ca,52.9258846,-82.42889219999999,,,,
476,dolinsk,ru,47.32471959999999,142.7979136,24.66,88.0,4.0,3.87
477,dolores,ar,37.4738818,-108.5045356,81.41,36.0,48.0,13.13
478,pyaozerskiy,ru,65.763736,31.0795485,41.25,97.0,100.0,10.11
479,watsa,cd,3.033069,29.53977059999999,67.66,93.0,99.0,1.48
480,paita,pe,-5.0938488,-81.0962172,73.96,66.0,59.0,13.33
481,minbu,mm,20.1713723,94.8702156,78.85,80.0,97.0,2.82
482,mount isa,au,-20.7263687,139.4930159,73.17,88.0,88.0,3.44
483,puli,co,40.7496785,-89.61905829999999,68.83,85.0,54.0,2.91
484,helong,cn,42.546675,129.010106,42.39,52.0,100.0,3.09
485,christchurch,nz,-43.5320214,172.6305589,54.61,93.0,90.0,4.0
486,tairua,nz,-37.0016206,175.8486903,58.08,88.0,33.0,5.77
487,puerto cabezas,ni,14.0391161,-83.39496319999999,87.76,79.0,75.0,4.61
488,uthal,pk,25.8270226,66.6235995,81.88,36.0,0.0,5.48
489,kailua,us,21.4022222,-157.7394444,74.66,76.0,40.0,5.75
490,mangaratiba,br,-22.9427961,-44.0404998,74.26,85.0,100.0,6.08
491,windsor,ca,36.4558345,-94.2634618,55.49,96.0,90.0,1.99
492,grindavik,is,63.8441808,-22.4383818,43.27,87.0,75.0,16.11
493,sechelt,ca,49.4741736,-123.7545601,45.59,87.0,68.0,8.9
494,ust-uda,ru,54.1761389,103.0257108,27.59,56.0,38.0,4.38
495,sharjah,ae,25.3461728,55.42107050000001,81.93,50.0,0.0,10.36
496,tacoronte,es,28.4797948,-16.4133213,66.43,64.0,40.0,8.01
497,lamu,ke,-2.2695575,40.9006408,80.82,81.0,7.0,12.95
498,yumen,cn,40.29184300000001,97.04567800000001,43.74,29.0,34.0,6.89
499,avera,pf,43.4889111,-96.7657105,58.28,73.0,95.0,13.98
